{
  "num_examples": 1319,
  "accuracy_strict": 0.6413949962092494,
  "accuracy_lenient": 0.6421531463229719,
  "format_success_rate": 0.9931766489764974,
  "answer_extraction_rate_strict": 0.9924184988627748,
  "answer_extraction_rate_lenient": 1.0,
  "avg_response_length_words": 108.05610310841547,
  "median_response_length_words": 101.0,
  "overthinking_rate": 0.0075815011372251705,
  "length_accuracy_correlation": -0.24322023880597385,
  "model_name_or_path": "outputs/sft_qwen_1.5b_merged",
  "adapter_path": "outputs/grpo_sft_r2_format",
  "data_file": "data/processed/gsm8k_test.jsonl"
}