{
  "num_examples": 1319,
  "accuracy_strict": 0.6474601971190296,
  "accuracy_lenient": 0.6474601971190296,
  "format_success_rate": 0.9924184988627748,
  "answer_extraction_rate_strict": 0.9924184988627748,
  "answer_extraction_rate_lenient": 1.0,
  "avg_response_length_words": 109.39196360879454,
  "median_response_length_words": 104.0,
  "overthinking_rate": 0.006823351023502654,
  "length_accuracy_correlation": -0.21059471647521724,
  "model_name_or_path": "outputs/sft_qwen_1.5b_merged",
  "adapter_path": "outputs/grpo_sft_r3_length",
  "data_file": "data/processed/gsm8k_test.jsonl"
}