num_examples,accuracy_strict,accuracy_lenient,format_success_rate,answer_extraction_rate_strict,answer_extraction_rate_lenient,avg_response_length_words,median_response_length_words,overthinking_rate,length_accuracy_correlation,method,prediction_file
1319,0.42380591357088704,0.48673237300985595,0.5322213798332069,0.5625473843821076,1.0,139.82259287338894,142.0,0.0,-0.4474825761301473,Base,outputs/base_1.5b/predictions.jsonl
1319,0.6307808946171342,0.6315390447308568,0.9916603487490523,0.9909021986353298,1.0,107.86429112964368,101.0,0.006823351023502654,-0.21760568590634324,CoT-SFT,outputs/sft/predictions.jsonl
1319,0.6997725549658832,0.7043214556482184,0.974981046247157,0.9673995451099318,1.0,157.94162244124337,151.0,0.04245640636846096,-0.3288112721951389,GRPO,outputs/grpo_base_r1/predictions.jsonl
1319,0.640636846095527,0.640636846095527,0.9946929492039424,0.9939347990902199,1.0,107.80894617134193,102.0,0.006065200909780136,-0.198796612930643,SFT-GRPO-R1,outputs/grpo_sft_r1_correct/predictions.jsonl
1319,0.6413949962092494,0.6421531463229719,0.9931766489764974,0.9924184988627748,1.0,108.05610310841547,101.0,0.0075815011372251705,-0.24322023880597432,SFT-GRPO-R2,outputs/grpo_sft_r2_format/predictions.jsonl
1319,0.6474601971190296,0.6474601971190296,0.9924184988627748,0.9924184988627748,1.0,109.39196360879454,104.0,0.006823351023502654,-0.21059471647521733,SFT-GRPO-R3,outputs/grpo_sft_r3_length/predictions.jsonl
