{
  "num_examples": 1319,
  "accuracy_strict": 0.6307808946171342,
  "accuracy_lenient": 0.6315390447308568,
  "format_success_rate": 0.9916603487490523,
  "answer_extraction_rate_strict": 0.9909021986353298,
  "answer_extraction_rate_lenient": 1.0,
  "avg_response_length_words": 107.86429112964368,
  "median_response_length_words": 101.0,
  "overthinking_rate": 0.006823351023502654,
  "length_accuracy_correlation": -0.21760568590634283,
  "model_name_or_path": "Qwen/Qwen2.5-1.5B-Instruct",
  "adapter_path": "outputs/sft_qwen_1.5b",
  "data_file": "data/processed/gsm8k_test.jsonl"
}